{
    "id": "SecurePractice_MailRisk",
    "title": "MailRisk by Secure Practice",
    "publisher": "Secure Practice",
    "descriptionMarkdown": "Data connector to push emails from MailRisk into Azure Sentinel Log Analytics.",
    "graphQueries": [
        {
            "metricName": "Total emails received",
            "legend": "MailRiskEmails_CL",
            "baseQuery": "MailRiskEmails_CL"
        }
    ],
    "sampleQueries": [
        {
            "description" : "All emails",
            "query": "MailRiskEmails_CL\n| sort by TimeGenerated desc"
        },
        {
            "description" : "Emails with SPF pass",
            "query": "MailRiskEmails_CL\n| where spf_s == 'pass' \n| sort by TimeGenerated desc"
        },
        {
            "description" : "Emails with specific category",
            "query": "MailRiskEmails_CL\n| where Category == 'scam' \n| sort by TimeGenerated desc"
        },
        {
            "description" : "Emails with link urls that contain the string \"microsoft\"",
            "query": "MailRiskEmails_CL\n| sort by TimeGenerated desc\n| mv-expand link = parse_json(links_s)\n| where link.url contains \"microsoft\""
        }
    ],
    "dataTypes": [
        {
            "name": "MailRiskEmails_CL",
            "lastDataReceivedQuery": "MailRiskEmails_CL\n            | summarize Time = max(TimeGenerated)\n            | where isnotempty(Time)"
        }
    ],
    "connectivityCriterias": [
        {
            "type": "IsConnectedQuery",
            "value": [
                "MailRiskEmails_CL\n            | summarize LastLogReceived = max(TimeGenerated)\n            | project IsConnected = LastLogReceived > ago(30d)"
            ]
        }
    ],
    "availability": {
        "status": 1,
        "isPreview": true
    },
    "permissions": {
        "resourceProvider": [
            {
                "provider": "Microsoft.OperationalInsights/workspaces",
                "permissionsDisplayText": "read and write permissions are required.",
                "providerDisplayName": "Workspace",
                "scope": "Workspace",
                "requiredPermissions": {
                    "write": true,
                    "read": true,
                    "delete": true
                }
            },
            {
                "provider": "Microsoft.OperationalInsights/workspaces/sharedKeys",
                "permissionsDisplayText": "read permissions to shared keys for the workspace are required. [See the documentation to learn more about workspace keys](https://docs.microsoft.com/azure/azure-monitor/platform/agent-windows#obtain-workspace-id-and-key).",
                "providerDisplayName": "Keys",
                "scope": "Workspace",
                "requiredPermissions": {
                    "action": true
                }
            }
        ],
        "customs": [
            {
                "name": "API credentials",
                "description": "Your Secure Practice API key pair is also needed, which are created in the [settings in the admin portal](https://manage.securepractice.co/settings/security). If you have lost your API secret, you can generate a new key pair (WARNING: Any other integrations using the old key pair will stop working)."
            }
        ]
    },
    "instructionSteps": [
        {
            "title": "",
            "description": ">**NOTE:** This connector uses Azure Functions to connect to the Secure Practice API to push logs into Azure Sentinel. This might result in additional data ingestion costs. Check the [Azure Functions pricing page](https://azure.microsoft.com/pricing/details/functions/) for details."
        },
        {
            "title": "",
            "description": "Please have these the Workspace ID and Workspace Primary Key (can be copied from the following), readily available.",
            "instructions":[
                {
                    "parameters": {
                        "fillWith": [
                            "WorkspaceId"
                        ],
                        "label": "Workspace ID"
                    },
                    "type": "CopyableLabel"
                },
                {
                    "parameters": {
                        "fillWith": [
                            "PrimaryKey"
                        ],
                        "label": "Primary Key"
                    },
                    "type": "CopyableLabel"
                }
            ]
        },
        {
            "title": "Azure Resource Manager (ARM) Template",
            "description": "Use this method for automated deployment of the MailRisk data connector using an ARM Template.\n\n1. Click the **Deploy to Azure** button below. \n\n\t[![Deploy To Azure](https://aka.ms/deploytoazurebutton)](https://portal.azure.com/#create/Microsoft.Template/uri/https%3A%2F%2Fgithub.com%2Fsecurepractice%2Fmailrisk-sentinel-connector%2Fblob%2Fmaster%2Fazuredeploy.json)\n2. Select the preferred **Subscription**, **Resource Group** and **Location**. \n3. Enter the **Workspace ID**, **Workspace Key**, **Secure Practice API Key**, **Secure Practice API Secret** \n4. Mark the checkbox labeled **I agree to the terms and conditions stated above**.\n5. Click **Purchase** to deploy."
        },
        {
            "title": "Manual deployment",
            "description": "In the open source repository on [GitHub](https://github.com/securepractice/mailrisk-sentinel-connector) you can find instructions for how to manually deploy the data connector."
        }
    ],
    "metadata": {
        "id": "c9c97ce4-2093-466c-846e-49be58a39197",
        "version": "0.1",
        "kind": "dataConnector",
        "source": {
            "kind": "sourceRepository",
            "name": "mailrisk-sentinel-connector",
            "url": "https://github.com/securepractice/mailrisk-sentinel-connector"
        },
        "author": {
            "name": "Secure Practice"
        },
        "support": {
            "tier": "developer",
            "name": "Secure Practice",
            "email": "support@securepractice.co",
            "link": "https://securepractice.co/support"
        }
    }
}